{"working_dir":null,"default_chunk_options":{},"chunk_definitions":[{"row":24,"row_count":1,"visible":true,"expansion_state":0,"options":{"engine":"r","label":"setup","include":false},"document_id":"B6660091","chunk_id":"csetup_chunk","chunk_label":"setup"},{"row":55,"row_count":1,"visible":true,"expansion_state":0,"options":{"engine":"r","label":"load raster","eval":false,"echo":true},"document_id":"B6660091","chunk_id":"c7tmyng4t9bqz","chunk_label":"load raster"},{"row":82,"row_count":1,"visible":true,"expansion_state":0,"options":{"engine":"r","label":"access raster","echo":true,"eval":false},"document_id":"B6660091","chunk_id":"c799vj65zrto3","chunk_label":"access raster"},{"row":106,"row_count":1,"visible":true,"expansion_state":0,"options":{"engine":"r","label":"plot raster","eval":false,"echo":true},"document_id":"B6660091","chunk_id":"c2qn889fvld2n","chunk_label":"plot raster"}],"doc_write_time":1612961823,"chunk_rendered_width":400}