{"chunk_definitions":[{"row":24,"row_count":1,"visible":true,"expansion_state":0,"options":{"engine":"r","label":"setup","include":false},"document_id":"36A26C25","chunk_id":"csetup_chunk","chunk_label":"setup"},{"row":66,"row_count":1,"visible":true,"expansion_state":0,"options":{"engine":"r","label":"wrangle-trees","eval":false,"echo":true},"document_id":"36A26C25","chunk_id":"c5z4pq9gg5sgh","chunk_label":"wrangle-trees"},{"row":104,"row_count":1,"visible":true,"expansion_state":0,"options":{"engine":"r","label":"geometry","eval":false,"echo":true},"document_id":"36A26C25","chunk_id":"c07ycvoqlamme","chunk_label":"geometry"},{"row":126,"row_count":1,"visible":true,"expansion_state":0,"options":{"engine":"r","label":"example2","eval":false,"echo":true},"document_id":"36A26C25","chunk_id":"c2ndo5lln1sls","chunk_label":"example2"},{"row":134,"row_count":1,"visible":true,"expansion_state":0,"options":{"engine":"r","label":"example3","eval":false,"echo":true},"document_id":"36A26C25","chunk_id":"cs8bm3o3qpyx5","chunk_label":"example3"},{"row":161,"row_count":1,"visible":true,"expansion_state":0,"options":{"engine":"r","label":"parks","eval":false,"echo":true},"document_id":"36A26C25","chunk_id":"ctfthzcn69dfx","chunk_label":"parks"},{"row":191,"row_count":1,"visible":true,"expansion_state":0,"options":{"engine":"r","label":"plotting-sf","eval":false},"document_id":"36A26C25","chunk_id":"c77g5d041pkph","chunk_label":"plotting-sf"}],"doc_write_time":1613031898,"chunk_rendered_width":700}