{"working_dir":null,"default_chunk_options":{},"chunk_definitions":[{"row":23,"row_count":1,"visible":true,"expansion_state":0,"options":{"engine":"r","label":"setup","include":false},"document_id":"5B5D9905","chunk_id":"csetup_chunk","chunk_label":"setup"},{"row":53,"row_count":1,"visible":true,"expansion_state":0,"options":{"engine":"r","label":"drop","eval":false},"document_id":"5B5D9905","chunk_id":"cg4c49rlnh6v7","chunk_label":"drop"},{"row":84,"row_count":1,"visible":true,"expansion_state":0,"options":{"engine":"r","label":"innerj","eval":false},"document_id":"5B5D9905","chunk_id":"cuucq29lyqy0i","chunk_label":"innerj"},{"row":132,"row_count":1,"visible":true,"expansion_state":0,"options":{"engine":"r","label":"simplify","eval":false},"document_id":"5B5D9905","chunk_id":"cky0nt1f1m113","chunk_label":"simplify"},{"row":161,"row_count":1,"visible":true,"expansion_state":0,"options":{"engine":"r","label":"sf-to-sp","eval":false},"document_id":"5B5D9905","chunk_id":"cfu6ch9qpokdo","chunk_label":"sf-to-sp"},{"row":194,"row_count":1,"visible":true,"expansion_state":0,"options":{"engine":"r","label":"csv-to-sf","eval":false},"document_id":"5B5D9905","chunk_id":"ckqzsw001cszj","chunk_label":"csv-to-sf"}],"doc_write_time":1612862913}