{"working_dir":null,"default_chunk_options":{},"chunk_definitions":[{"row":24,"row_count":1,"visible":true,"expansion_state":0,"options":{"engine":"r","label":"setup","include":false},"document_id":"9715BC4E","chunk_id":"csetup_chunk","chunk_label":"setup"},{"row":66,"row_count":1,"visible":true,"expansion_state":0,"options":{"engine":"r","label":"aggr","eval":false},"document_id":"9715BC4E","chunk_id":"czc3c981lub23","chunk_label":"aggr"},{"row":96,"row_count":1,"visible":true,"expansion_state":0,"options":{"engine":"r","label":"reclass","eval":false},"document_id":"9715BC4E","chunk_id":"cj37tqhztgkds","chunk_label":"reclass"}],"doc_write_time":1612965793}