{"chunk_definitions":[{"row":48,"row_count":1,"visible":true,"expansion_state":0,"options":{"engine":"r","label":"load","eval":false,"echo":true},"document_id":"8D667FC7","chunk_id":"c8ef2pik0a4b1","chunk_label":"load"},{"row":105,"row_count":1,"visible":true,"expansion_state":0,"options":{"engine":"r","label":"loadraster","eval":false,"echo":true},"document_id":"8D667FC7","chunk_id":"cqtnceidpc4wm","chunk_label":"loadraster"},{"row":123,"row_count":1,"visible":true,"expansion_state":0,"options":{"engine":"r","label":"unnamed-chunk-1"},"document_id":"8D667FC7","chunk_id":"cw58vvcbwvt9j","chunk_label":"unnamed-chunk-2"}],"doc_write_time":1612866101}