uuid,FeatureID,FeatureType,FeatureTimestamp,Latitude,Longitude,Northing,Easting,Accuracy,Description,Material,geospatialcolumn
1.00011E+18,2000,Other,2018-04-22 07:44:43+10:00,-33.7181666,150.3106956,6265844.466,250796.003,3,YHA startpoint,,POINT(250796.002961 6265844.465518)
1.00004E+18,4000,Artefact scatter,2018-04-22 10:43:47+10:00,-33.758279,150.2923542,6261350.674,249212.7734,0.9,"two pieces of blue green bottle base, eight-sided, moulded; 1 body piece darkgreen",Glass,POINT(249212.773396 6261350.674002)
1.00005E+18,6000,Masonry,2018-04-22 10:43:53+10:00,-33.75846417,150.291515,6261328.092,249135.5658,0.8,rectangular stone bricks paved and rough line of stone one side a tree is growing through the pavement,Ceramic - Glass - {Brick} - Other,POINT(249135.565842 6261328.091519)
1.00004E+18,4001,Isolated find,2018-04-22 11:08:29+10:00,-33.75825083,150.2922363,6261353.511,249201.7742,0.8,brick with a diamond shaped stamp,Other,POINT(249201.774211 6261353.511379)
1.00009E+18,5000,Masonry,2018-04-22 11:14:23+10:00,-33.7582735,150.292232,6261350.987,249201.4388,0.9,Platform,Stone,POINT(249201.438811 6261350.98661)
1.00004E+18,4002,Metal Feature,2018-04-22 11:17:26+10:00,-33.75826117,150.2922355,6261352.363,249201.7271,0.9,metal stake imbedded in ground,Metal,POINT(249201.727127 6261352.363162)
1.00005E+18,6001,Artefact scatter,2018-04-22 11:18:01+10:00,-33.75867567,150.2921483,6261306.174,249194.8597,0.9,light blue glass in the shape of a bottle top\cork and a cross impression on clear glass,Glass,POINT(249194.85965 6261306.174001)
1.00005E+18,6002,Masonry,2018-04-22 11:22:20+10:00,-33.75804986,150.2923049,6261375.97,249207.5432,3,small vertical depression size of a post hole or tree hole lined with stones in a circle,,POINT(249207.543222 6261375.970317)
1.00009E+18,5001,Isolated find,2018-04-22 11:37:55+10:00,-33.75835533,150.2914988,6261340.124,249133.7507,0.8,green bottle base ,Glass,POINT(249133.750674 6261340.12409)
1.00004E+18,4003,Isolated find,2018-04-22 11:42:57+10:00,-33.75607,150.2902567,6261590.59,249011.9991,0.7,broken brick with diamond indentation,Other,POINT(249011.999107 6261590.590425)
1.00009E+18,5002,Hole drilled in the rock,2018-04-22 11:53:53+10:00,-33.758784,150.2922465,6261294.397,249204.2704,0.7,,Stone,POINT(249204.270409 6261294.396552)
1.00009E+18,5003,Hole drilled in the rock,2018-04-22 11:56:38+10:00,-33.7587045,150.2924258,6261303.651,249220.6535,1,,Stone,POINT(249220.653522 6261303.651452)
1.00009E+18,5004,Masonry,2018-04-22 11:58:27+10:00,-33.75878083,150.2922732,6261294.813,249206.7318,0.7,stone cluster forming rectilinear platform ,Stone,POINT(249206.731788 6261294.812734)
1.00004E+18,4004,Isolated find,2018-04-22 12:03:09+10:00,-33.75880783,150.2921998,6261291.639,249200.0163,0.7,"metal pot, rusted, mould growing, handle - juts out horizontally then curves back to the pot",Metal,POINT(249200.01632 6261291.639294)
1.00005E+18,6004,Other,2018-04-22 12:10:32+10:00,-33.759484,150.2926343,6261217.696,249242.2427,0.9,deep circular depression and wide circle pit or know as costean ,,POINT(249242.242708 6261217.695871)
1.00005E+18,6005,Isolated find,2018-04-22 13:01:41+10:00,-33.76139483,150.295122,6261011.797,249478.2825,0.8,rail track,Metal,POINT(249478.282545 6261011.797452)
1.00005E+18,6006,Isolated find,2018-04-22 13:17:07+10:00,-33.76164883,150.2964877,6260986.945,249605.544,0.8,large artificial depression with built up dirt walls around the hole,,POINT(249605.544045 6260986.944503)
1.00005E+18,6008,Hole drilled in the rock,2018-04-22 13:53:20+10:00,-33.76057983,150.295207,6261102.405,249483.784,0.7,arterial hole in the rock on an angle ,,POINT(249483.783955 6261102.405073)
1.00004E+18,4005,Masonry,2018-04-22 13:54:44+10:00,-33.76060718,150.2951227,6261099.166,249476.0517,16,elevated stone cluster may be perpendicular to the gully,Stone,POINT(249476.051668 6261099.166135)
1.00008E+18,6009,Isolated find,2018-04-22 13:59:45+10:00,-33.76063883,150.295127,6261095.666,249476.5441,0.7,metal with bolts,Metal,POINT(249476.544107 6261095.666127)
1.00005E+18,4006,Masonry,2018-04-22 14:58:44+10:00,-33.75606583,150.2902578,6261591.055,249012.095,0.8,"masonry stone walls rectangular stone feature, platform in front, 3 metres from the trail ",Stone,POINT(249012.095045 6261591.055441)
1.0001E+18,5006,Isolated find,2018-04-23 09:16:43+10:00,-33.75873167,150.2924085,6261300.596,249219.1268,0.9,Piece of thick black dark glass,Glass,POINT(249219.126815 6261300.595885)
1.00004E+18,4007,Artefact scatter,2018-04-23 09:18:55+10:00,-33.75886567,150.2922735,6261285.404,249207.01,0.8,brown glass shard (4007-4008),Glass,POINT(249207.009974 6261285.403715)
1.00004E+18,4008,Artefact scatter,2018-04-23 09:22:23+10:00,-33.7588675,150.2922537,6261285.152,249205.1778,0.7,golden brown glass shard,Glass,POINT(249205.177803 6261285.152067)
1.00005E+18,6010,Masonry,2018-04-23 09:22:46+10:00,-33.75874633,150.2919852,6261297.938,249179.9486,0.7,rectangular artificial made depression with stone circle around and on the walls of the pit,Stone,POINT(249179.948609 6261297.938231)
1.00004E+18,4009,Artefact scatter,2018-04-23 09:27:14+10:00,-33.7589185,150.2922648,6261279.522,249206.361,0.7,clear glass body shard (4009-4010),Glass,POINT(249206.361045 6261279.522266)
1.00004E+18,4010,Artefact scatter,2018-04-23 09:27:49+10:00,-33.75892167,150.2921633,6261278.924,249196.9665,0.9,clear glass body sherd,Glass,POINT(249196.96653 6261278.923866)
1.00005E+18,6011,Artefact scatter,2018-04-23 09:28:08+10:00,-33.75868233,150.2920133,6261305.106,249182.3716,0.9,clear to light green glass scattered,Glass - Metal,POINT(249182.371604 6261305.10579)
1.00005E+18,6012,Artefact scatter,2018-04-23 09:50:01+10:00,-33.75872183,150.2922385,6261301.273,249203.348,0.7,"Brocken clear glass with cross at what appears to be the bottom of the glass bottle or bowl, a second piece was found close by and fits together. has a diameter of 8cm",Glass,POINT(249203.347998 6261301.272685)
1.00004E+18,4011,Artefact scatter,2018-04-23 09:50:05+10:00,-33.758852,150.2921385,6261286.591,249194.4627,0.8,"cloudy glass body, inscription - BR (different type of glass to others from scatter)",,POINT(249194.462677 6261286.590919)
1.00008E+18,5007,Artefact scatter,2018-04-23 09:51:10+10:00,-33.75868633,150.2923365,6261305.449,249212.324,0.8,small shard of glass,Glass,POINT(249212.324012 6261305.449014)
1.00005E+18,6013,Artefact scatter,2018-04-23 09:53:04+10:00,-33.758736,150.2922545,6261299.74,249204.8717,0.7,Brocken green glass,Glass,POINT(249204.871663 6261299.740258)
1.00005E+18,6014,Artefact scatter,2018-04-23 09:56:20+10:00,-33.75874283,150.292262,6261299.001,249205.5864,0.7,Brocken clear glass,Glass,POINT(249205.586443 6261299.000557)
1.00004E+18,4012,Artefact scatter,2018-04-23 09:57:53+10:00,-33.75886467,150.292051,6261284.973,249186.3929,0.8,"golden brown glass shard body (w/ 4007, 4008) ",Glass,POINT(249186.392921 6261284.972846)
1.00004E+18,4013,Isolated find,2018-04-23 10:02:20+10:00,-33.75884133,150.2921812,6261287.878,249198.3846,0.8,golden brown glass shard body,Glass,POINT(249198.384555 6261287.877975)
1.00005E+18,6015,Masonry,2018-04-23 10:02:34+10:00,-33.75868017,150.2922237,6261305.858,249201.8523,0.8,oval depression with one straight side in the pit,Stone,POINT(249201.852252 6261305.858291)
1.00008E+18,5008,Masonry,2018-04-23 10:03:19+10:00,-33.7586995,150.292277,6261303.844,249206.8498,0.9,altered stone with groove indent,Other,POINT(249206.849839 6261303.843674)
1.00005E+18,6016,Artefact scatter,2018-04-23 10:08:10+10:00,-33.75870917,150.2922497,6261302.705,249204.3456,0.8,thin dark green glass,Glass,POINT(249204.345641 6261302.704879)
1.00004E+18,4014,Platform,2018-04-23 10:12:17+10:00,-33.75888667,150.2922348,6261282.98,249203.4888,0.8,,Stone,POINT(249203.488811 6261282.980215)
1.00005E+18,6017,Isolated find,2018-04-23 10:14:52+10:00,-33.7586995,150.292233,6261303.737,249202.7733,0.7,shard of dark think green glass,Glass,POINT(249202.773328 6261303.736537)
1.0001E+18,5009,Other,2018-04-23 10:15:47+10:00,-33.758727,150.2923572,6261300.989,249214.3573,0.8,Singular carved stone,Stone,POINT(249214.357283 6261300.988531)
1.00005E+18,6018,Masonry,2018-04-23 10:22:04+10:00,-33.75869083,150.2921953,6261304.606,249199.2583,0.8,linear stone feature made up of rectangular stone works and is about a 0.4m tall by 2m long,Stone,POINT(249199.258321 6261304.606139)
1.00005E+18,6019,Other,2018-04-23 10:30:12+10:00,-33.75869033,150.2920103,6261304.211,249182.117,0.8,depression possible natural or cultural pit with large rock over hanging the pit,,POINT(249182.116984 6261304.211113)
1.00005E+18,6020,Masonry,2018-04-23 10:34:18+10:00,-33.75865833,150.292025,6261307.796,249183.3825,0.8,rectangular stone works in a cluster ,,POINT(249183.382528 6261307.796313)
1.00008E+18,5010,Hole drilled in the rock,2018-04-23 10:40:03+10:00,-33.75875367,150.2926523,6261298.749,249241.7816,0.8,,Stone,POINT(249241.781596 6261298.74927)
1.00005E+18,6021,Artefact scatter,2018-04-23 10:41:37+10:00,-33.75864567,150.292149,6261309.503,249194.834,0.8,shard of thick dark green glass,Glass,POINT(249194.833957 6261309.503266)
1.00005E+18,6022,Masonry,2018-04-23 10:44:48+10:00,-33.7586855,150.2921743,6261305.147,249197.2972,0.8,rectangular rock wall,,POINT(249197.297165 6261305.146585)
1.00009E+18,4016,Masonry,2018-04-23 10:45:43+10:00,-33.75888183,150.2922125,6261283.462,249201.4056,0.8,stone circle ,,POINT(249201.405587 6261283.461955)
1.00005E+18,6023,Masonry,2018-04-23 10:46:53+10:00,-33.75875117,150.2921522,6261297.809,249195.4349,0.7, linear line of rectangular stonewall also has a brick ,{Brick},POINT(249195.434905 6261297.808771)
1.00005E+18,6024,Hole drilled in the rock,2018-04-23 10:55:00+10:00,-33.75879333,150.2921228,6261293.06,249192.8402,0.9,oval hole with parallel vertical grooves in the rock,Stone,POINT(249192.840162 6261293.060158)
1.00008E+18,5011,Masonry,2018-04-23 11:20:42+10:00,-33.75892183,150.2921032,6261278.759,249191.3927,0.7,rectangular feature,Stone,POINT(249191.392709 6261278.758871)
1.00005E+18,6025,Masonry,2018-04-23 11:28:36+10:00,-33.75873467,150.2921203,6261299.561,249192.4375,0.8,brick close to the previous wall and foundation,{Brick},POINT(249192.43751 6261299.561459)
1.00005E+18,6026,Artefact scatter,2018-04-23 11:31:26+10:00,-33.75871817,150.292158,6261301.483,249195.8791,0.8,clear and dark green glass,Glass,POINT(249195.879147 6261301.483381)
1.00008E+18,5012,Masonry,2018-04-23 11:35:59+10:00,-33.7589625,150.2921765,6261274.427,249198.3054,0.8,rectangular collection of rocks backing south off of a tall boulder,Stone,POINT(249198.305432 6261274.426637)
1.00005E+18,6027,Artefact scatter,2018-04-23 11:37:13+10:00,-33.7587685,150.2921213,6261295.811,249192.6288,0.7,light green square shaped glass bottle piece and words running up the side,Glass,POINT(249192.628793 6261295.811054)
1.00005E+18,6028,Masonry,2018-04-23 11:45:30+10:00,-33.75871783,150.292139,6261301.474,249194.1179,0.8,Brocken brick,{Brick},POINT(249194.117864 6261301.47409)
1.00005E+18,6029,Metal Feature,2018-04-23 11:46:35+10:00,-33.758712,150.2921235,6261302.083,249192.6648,0.8,large metal peg ,Metal,POINT(249192.664814 6261302.083388)
1.00008E+18,5013,Masonry,2018-04-23 11:50:37+10:00,-33.7589775,150.2921835,6261272.78,249198.9977,0.8,pile of rocks,Metal - Stone - Other,POINT(249198.997695 6261272.779861)
1.00005E+18,6030,Masonry,2018-04-23 11:50:57+10:00,-33.75869417,150.2920875,6261303.974,249189.2775,0.9,parallel stone line of rectangular beyond works,Stone - {Brick},POINT(249189.277497 6261303.973824)
1.00004E+18,4017,Hole drilled in the rock,2018-04-23 11:53:02+10:00,-33.75888133,150.2922585,6261283.629,249205.6659,0.9,"sides and bottomed are flattened, curved at top, top curves to meet maximum depth",,POINT(249205.665928 6261283.629423)
1.00005E+18,6031,Isolated find,2018-04-23 11:57:50+10:00,-33.758813,150.2919873,6261290.549,249180.3437,0.7,metal railway track,Metal,POINT(249180.34371 6261290.548747)
1.00005E+18,6032,Artefact scatter,2018-04-23 12:03:54+10:00,-33.75869417,150.292118,6261304.048,249192.1033,0.9,scatter bricks in one location,{Brick},POINT(249192.103261 6261304.048093)
1.00008E+18,5014,Masonry,2018-04-23 12:07:18+10:00,-33.75890433,150.2920162,6261280.488,249183.2813,1.1,pile of rocks,Stone,POINT(249183.281335 6261280.488141)
1.00004E+18,4019,Hole drilled in the rock,2018-04-23 12:10:59+10:00,-33.758887,150.2922608,6261283.007,249205.8986,0.8,"circular hole, depth the same throughout",,POINT(249205.898625 6261283.00655)
1.00008E+18,5015,Artefact scatter,2018-04-23 12:19:36+10:00,-33.7589395,150.2920697,6261276.718,249188.3405,0.9,large scatter of multiple glass types near rock feature and 1 piece of ceramic ,Glass,POINT(249188.340515 6261276.717684)
1.00004E+18,4020,Hole drilled in the rock,2018-04-23 12:22:57+10:00,-33.75890817,150.2922598,6261280.656,249205.8677,0.8,"small square hole, maximum depth equal on all sides",,POINT(249205.867682 6261280.656279)
1.00004E+18,4021,Hole drilled in the rock,2018-04-23 12:28:11+10:00,-33.7589145,150.2922553,6261279.943,249205.4692,0.8,"small square hole, right side curving to maximum depth on left side",,POINT(249205.46923 6261279.94282)
1.00005E+18,6033,Isolated find,2018-04-23 12:29:46+10:00,-33.75860517,150.29196,6261313.535,249177.2054,0.9,decorative ceramic white back ground with blue floral pattern,Ceramic,POINT(249177.205398 6261313.535348)
1.00005E+18,6034,Masonry,2018-04-23 12:39:20+10:00,-33.75867883,150.2918895,6261305.192,249170.8885,0.8,rectangular artificial depression with stones in the walls and surrounding the pit,Stone,POINT(249170.888488 6261305.192456)
1.00009E+18,4022,Artefact scatter,2018-04-23 12:54:56+10:00,-33.75886,150.2924992,6261286.582,249227.901,0.8,green and brown glass shards and ceramic fragment ,Ceramic - Glass,POINT(249227.900977 6261286.581725)
1.00009E+18,4023,Hole drilled in the rock,2018-04-23 13:16:18+10:00,-33.75885933,150.2923007,6261286.172,249209.5084,0.8,"circular hole, maximum depth equal throughout",,POINT(249209.508443 6261286.172365)
1.00009E+18,4024,Masonry,2018-04-23 13:18:58+10:00,-33.75885117,150.2923697,6261287.246,249215.8773,0.8,coarse stone structure,Stone,POINT(249215.877336 6261287.246228)
1.00008E+18,5016,Masonry,2018-04-23 13:36:18+10:00,-33.75898767,150.291962,6261271.113,249178.5059,0.8,fireplace with 3 sides and an open side (that would open onto the platform),Stone,POINT(249178.505873 6261271.112786)
1.00009E+18,4025,Masonry,2018-04-23 13:40:00+10:00,-33.7589175,150.2923658,6261279.879,249215.7156,0.8,stone cluster rectilinear platform ,,POINT(249215.715552 6261279.87911)
1.0001E+18,5017,Masonry,2018-04-23 14:24:45+10:00,-33.759041,150.2920817,6261265.488,249189.7482,0.8,Stone Circle,Stone,POINT(249189.748199 6261265.488384)
1.0001E+18,5018,Masonry,2018-04-23 14:33:01+10:00,-33.75902667,150.2920587,6261267.022,249187.5755,0.8,Reculingular stone feature ,Stone,POINT(249187.575517 6261267.02225)
1.0001E+18,5019,Other,2018-04-23 14:45:46+10:00,-33.75900945,150.2917693,6261268.228,249160.716,6,Post hole,Organic,POINT(249160.715952 6261268.227704)
1.0001E+18,5020,Other,2018-04-23 14:53:10+10:00,-33.75888217,150.2918212,6261282.472,249165.1504,1,Potential post hole,Organic,POINT(249165.150388 6261282.472028)
1.0001E+18,5021,Other,2018-04-23 15:03:44+10:00,-33.75899717,150.2917577,6261269.561,249159.6026,0.8,Depression in ground,Organic,POINT(249159.602562 6261269.561422)
1.0001E+18,5022,Other,2018-04-23 15:11:08+10:00,-33.75898033,150.2917183,6261271.333,249155.9093,0.8,Half Brick,Other,POINT(249155.909338 6261271.332806)
1.00008E+18,5023,Isolated find,2018-04-24 08:44:23+10:00,-33.75893767,150.2921843,6261277.2,249198.9588,0.7,single piece of glass,Glass,POINT(249198.958777 6261277.200259)
1.00008E+18,5024,Other,2018-04-24 08:47:48+10:00,-33.75891433,150.2919935,6261279.324,249181.2105,0.7,depression in ground,Other,POINT(249181.210473 6261279.32373)
1.00009E+18,4026,Other,2018-04-24 08:50:41+10:00,-33.75890333,150.2922455,6261281.157,249204.5256,0.7,Depression ,Organic,POINT(249204.525641 6261281.157498)
1.00008E+18,5025,Other,2018-04-24 08:51:35+10:00,-33.75892867,150.2919073,6261277.524,249173.2691,0.7,,Organic - Other,POINT(249173.269114 6261277.524023)
1.00008E+18,5026,Other,2018-04-24 08:53:32+10:00,-33.75890133,150.2919045,6261280.549,249172.9269,0.7,deep depression in ground,Other,POINT(249172.92692 6261280.548974)
1.00008E+18,5027,Other,2018-04-24 08:57:52+10:00,-33.758807,150.2917265,6261290.579,249156.1606,0.8,depression in ground,Other,POINT(249156.160562 6261290.579072)
1.00008E+18,5028,Masonry,2018-04-24 09:01:37+10:00,-33.75873317,150.2917102,6261298.729,249154.432,0.8,linear stone feature,Stone,POINT(249154.432032 6261298.72899)
1.00009E+18,4027,Masonry,2018-04-24 09:02:38+10:00,-33.758864,150.292208,6261285.429,249200.9367,0.7,stone cluster adjacent to significant depression ,Stone,POINT(249200.936684 6261285.429095)
1.00005E+18,6035,Masonry,2018-04-24 09:03:47+10:00,-33.75878417,150.2919122,6261293.564,249173.2956,0.8,"horseshoe circular stone formation with second stone cluster close by by about 1m, second cluster is thinner ",Metal - Stone,POINT(249173.295614 6261293.563935)
1.00008E+18,5029,Masonry,2018-04-24 09:08:12+10:00,-33.7587095,150.291693,6261301.312,249152.7726,0.8,stones piled into crevasses in boulder,Stone,POINT(249152.772569 6261301.312322)
1.00008E+18,5030,Masonry,2018-04-24 09:14:51+10:00,-33.7586955,150.2916732,6261302.817,249150.8942,0.8,linear rock collection,Stone,POINT(249150.894229 6261302.816919)
1.00005E+18,6036,Isolated find,2018-04-24 09:21:00+10:00,-33.75873667,150.291929,6261298.874,249174.7167,0.8,white shard of ceramic no decorations,Ceramic,POINT(249174.716699 6261298.873694)
1.00008E+18,5031,Masonry,2018-04-24 09:21:54+10:00,-33.7588205,150.2915845,6261288.736,249143.0439,0.8,rectalinear feature or stone platform,Stone,POINT(249143.043927 6261288.735796)
1.00005E+18,6037,Masonry,2018-04-24 09:24:53+10:00,-33.75876783,150.29182,6261295.151,249164.7089,0.7,stone cluster in a horse shoe,Stone,POINT(249164.708943 6261295.1512)
1.00009E+18,4028,Masonry,2018-04-24 09:29:12+10:00,-33.75886767,150.2923757,6261285.431,249216.4813,0.7,stone cluster ,Stone,POINT(249216.481321 6261285.430635)
1.00008E+18,5032,Other,2018-04-24 09:30:22+10:00,-33.758844,150.2915488,6261286.042,249139.808,0.8,depression in ground,Other,POINT(249139.808011 6261286.042275)
1.00008E+18,5033,Isolated find,2018-04-24 09:34:48+10:00,-33.7586845,150.2916513,6261303.984,249148.8393,0.9,bottle body fragment,Glass,POINT(249148.83934 6261303.98388)
1.00008E+18,5034,Other,2018-04-24 09:37:58+10:00,-33.75867433,150.2916192,6261305.033,249145.8295,0.9,slight depression in ground,Other,POINT(249145.829517 6261305.03324)
1.00009E+18,4029,Metal Feature,2018-04-24 09:40:10+10:00,-33.75894617,150.2923335,6261276.621,249212.8035,0.8,piece of rail ,Metal,POINT(249212.803508 6261276.620637)
1.00008E+18,5035,Other,2018-04-24 09:44:01+10:00,-33.75865583,150.29178,6261307.477,249160.6765,1.1,clear rectangular pit in ground,Other,POINT(249160.676469 6261307.476983)
1.00009E+18,4030,Isolated find,2018-04-24 09:46:43+10:00,-33.7589605,150.2923553,6261275.084,249214.8681,0.8,"plate rim, possible raised pattern of vines ",Ceramic,POINT(249214.8681 6261275.083925)
1.00009E+18,4031,Other,2018-04-24 09:52:07+10:00,-33.75895317,150.29242,6261276.055,249220.8379,0.8,Depression ,Organic,POINT(249220.837941 6261276.0548)
1.00008E+18,5036,Masonry,2018-04-24 09:54:56+10:00,-33.75878917,150.291641,6261292.349,249148.1872,0.7,u-shaped feature,Stone,POINT(249148.187168 6261292.34894)
1.00008E+18,5037,Masonry,2018-04-24 09:57:01+10:00,-33.75882933,150.2916335,6261287.875,249147.6094,0.7,rectalinear feature with open ended wall facing north,Stone,POINT(249147.609429 6261287.875331)
1.00009E+18,4032,Masonry,2018-04-24 09:57:09+10:00,-33.75900233,150.2924237,6261270.61,249221.321,0.7,gathering of stones into wall  ,Stone,POINT(249221.32097 6261270.610093)
1.00008E+18,5038,Masonry,2018-04-24 10:06:33+10:00,-33.75880767,150.29163,6261290.27,249147.222,0.8,oval of rocks - possible wide circle with a missing rock towards West,Stone,POINT(249147.221985 6261290.270104)
1.00005E+18,6038,Masonry,2018-04-24 10:10:05+10:00,-33.75878633,150.2921012,6261293.784,249190.8124,0.8,stone lines rectangular feature. two stone lines meeting to form a corner. inside the stone line is the metal pegs also a brick was found near by,Metal - Stone - {Brick},POINT(249190.812384 6261293.783849)
1.00008E+18,5039,Other,2018-04-24 10:19:19+10:00,-33.75896133,150.2918163,6261273.679,249164.9334,0.8,large depression,Other,POINT(249164.933414 6261273.678979)
1.00009E+18,4033,Hole drilled in the rock,2018-04-24 10:36:58+10:00,-33.7589745,150.2925255,6261273.945,249230.6745,0.8,square hole drilled in rock ,Stone,POINT(249230.674458 6261273.945342)
1.00008E+18,5040,Other,2018-04-24 10:38:19+10:00,-33.7590215,150.2922612,6261268.088,249206.3216,0.8,tree stump,Organic,POINT(249206.321601 6261268.088435)
1.00009E+18,4034,Isolated find,2018-04-24 10:47:12+10:00,-33.75895533,150.292438,6261275.858,249222.5119,0.8,ceramic plate rim ,Ceramic,POINT(249222.511915 6261275.858296)
1.00008E+18,5041,Masonry,2018-04-24 10:47:11+10:00,-33.7588585,150.2921245,6261285.836,249193.1846,0.9,brick,{Brick},POINT(249193.184557 6261285.83584)
1.00008E+18,5042,Masonry,2018-04-24 10:52:08+10:00,-33.7589985,150.2921748,6261270.429,249198.256,0.8,circular feature with a few missing rocks from the circle ,Stone,POINT(249198.25597 6261270.429408)
1.00009E+18,4035,Other,2018-04-24 10:56:02+10:00,-33.7589985,150.2925118,6261271.25,249229.4782,0.8,Depression ,Organic,POINT(249229.478231 6261271.249954)
1.00008E+18,5043,Isolated find,2018-04-24 10:56:25+10:00,-33.759031,150.2921782,6261266.833,249198.6595,0.8,glass,Glass,POINT(249198.659542 6261266.83258)
1.00008E+18,5044,Other,2018-04-24 10:59:05+10:00,-33.75906917,150.292226,6261262.716,249203.2025,0.8,"thin, deep lditch in ground",Other,POINT(249203.202452 6261262.715554)
1.00008E+18,5045,Masonry,2018-04-24 11:02:48+10:00,-33.7590895,150.2922237,6261260.454,249203.0456,0.7,grooves artificially cut into rock side,Stone,POINT(249203.04555 6261260.454471)
1.00008E+18,5046,Masonry,2018-04-24 11:05:51+10:00,-33.75906267,150.2921835,6261263.333,249199.246,0.7,large rocks surrounding tree,Stone - Organic,POINT(249199.24598 6261263.333056)
1.00009E+18,4036,Masonry,2018-04-24 11:11:20+10:00,-33.7589655,150.2925793,6261275.075,249235.6358,0.8,collection of stones may form wall ,Stone,POINT(249235.635758 6261275.0747)
1.00008E+18,5047,Masonry,2018-04-24 11:13:04+10:00,-33.75906217,150.2920985,6261263.182,249191.3695,0.7,rectalinear stone feature or platform - collapsed ,Stone,POINT(249191.369476 6261263.181538)
1.00008E+18,5048,Masonry,2018-04-24 11:30:05+10:00,-33.75912983,150.2919777,6261255.382,249180.3718,0.7,rectalinear stone feature,Stone,POINT(249180.37184 6261255.381612)
1.00008E+18,5049,Isolated find,2018-04-24 11:35:06+10:00,-33.75911533,150.2920093,6261257.067,249183.2634,0.7,dark green and thick glass type,Glass,POINT(249183.263405 6261257.067086)
1.00008E+18,5050,Other,2018-04-24 11:39:20+10:00,-33.7591255,150.2920112,6261255.944,249183.4629,0.8,small pit in ground ,Other,POINT(249183.462899 6261255.94385)
1.00008E+18,5051,Masonry,2018-04-24 11:41:16+10:00,-33.75913417,150.29202,6261255.004,249184.3066,0.9,clustered stone circle ,Stone,POINT(249184.306553 6261255.004042)
1.00008E+18,5052,Masonry,2018-04-24 11:45:53+10:00,-33.759129,150.292083,6261255.731,249190.1283,0.7,rock feature backing south off of a larger rock and onto a platform,Stone,POINT(249190.128284 6261255.730548)
1.00004E+18,4038,Other,2018-04-24 11:48:50+10:00,-33.75911317,150.292521,6261258.553,249230.6617,0.9,depression rectilinear ,Organic,POINT(249230.661745 6261258.553288)
1.00008E+18,5053,Other,2018-04-24 11:49:11+10:00,-33.75911667,150.292085,6261257.103,249190.2776,0.9,a pit in the platform of a nearby stone feature,Other,POINT(249190.277622 6261257.103449)
1.00004E+18,4039,Masonry,2018-04-24 11:53:49+10:00,-33.75909917,150.2924642,6261259.968,249225.3555,0.9,cluster of rocks forming feature,,POINT(249225.355467 6261259.967814)
1.00008E+18,5054,Masonry,2018-04-24 11:54:23+10:00,-33.75921333,150.2921077,6261246.436,249192.6595,1,right angle of rocks surrounding large boulder,Stone,POINT(249192.659452 6261246.436243)
1.00008E+18,5055,Isolated find,2018-04-24 13:04:56+10:00,-33.75927033,150.2921968,6261240.331,249201.0867,0.9,metal sheet,Metal,POINT(249201.086686 6261240.330847)
1.00008E+18,5056,Isolated find,2018-04-24 13:09:45+10:00,-33.75934933,150.2922138,6261231.609,249202.892,0.8,iron sheet,Metal,POINT(249202.891998 6261231.609452)
1.0001E+18,5057,Masonry,2018-04-24 13:16:58+10:00,-33.75930883,150.2922232,6261236.124,249203.6386,0.8,Cluster of stones in a line,Stone,POINT(249203.638638 6261236.124495)
1.00004E+18,4040,Masonry,2018-04-24 13:21:45+10:00,-33.759135,150.2927065,6261256.583,249247.9115,0.9,stone circle,Stone,POINT(249247.9115 6261256.583126)
1.0001E+18,5058,Masonry,2018-04-24 13:21:46+10:00,-33.759253,150.292282,6261242.461,249208.9266,0.8,Cluster of stones forming a line,Stone,POINT(249208.926624 6261242.460862)
1.0001E+18,5059,Masonry,2018-04-24 13:30:03+10:00,-33.75927717,150.2923158,6261239.863,249212.1316,0.7,Cluster of circles with distinct lines of rocks ,Stone,POINT(249212.131643 6261239.862643)
1.00004E+18,4041,Masonry,2018-04-24 13:34:03+10:00,-33.75907583,150.2927905,6261263.35,249255.5214,0.9,stone cluster,Stone,POINT(249255.521441 6261263.350471)
1.00008E+18,5060,Other,2018-04-24 13:42:24+10:00,-33.75917383,150.2923963,6261251.521,249219.2885,0.8,cut tree stump ,Organic,POINT(249219.288533 6261251.520525)
1.00008E+18,5061,Masonry,2018-04-24 13:46:12+10:00,-33.7593475,150.2924357,6261232.353,249223.4389,0.7,rectalinear rock feature ,Stone,POINT(249223.438909 6261232.352946)
1.00008E+18,5062,Other,2018-04-24 13:50:01+10:00,-33.75937183,150.2924313,6261229.643,249223.1084,0.8,broken bottom half of bottle ,Glass,POINT(249223.10837 6261229.643309)
1.00004E+18,4042,Masonry,2018-04-24 13:51:42+10:00,-33.75894917,150.2924045,6261276.461,249219.3902,0.7,Stone circle,,POINT(249219.390241 6261276.460746)
1.00008E+18,5063,Other,2018-04-24 13:52:47+10:00,-33.75940717,150.292468,6261225.813,249226.6084,0.7,large pit ,Other,POINT(249226.608432 6261225.813361)
1.00008E+18,5064,Masonry,2018-04-24 13:55:14+10:00,-33.75933283,150.2926198,6261234.428,249240.4587,0.8,incomplete circular collection of rocks around a tree ,Stone,POINT(249240.458698 6261234.428184)
1.00008E+18,5065,Other,2018-04-24 14:03:08+10:00,-33.75965317,150.2931918,6261200.289,249294.3865,0.8,cut down tree trunk ,Other,POINT(249294.386468 6261200.288829)
1.00004E+18,4043,Hole drilled in the rock,2018-04-24 14:19:21+10:00,-33.759069,150.2926583,6261263.787,249243.2566,0.9,very small square hole in rock,,POINT(249243.256603 6261263.786672)
1.00004E+18,4044,Masonry,2018-04-24 14:22:06+10:00,-33.759198,150.2927195,6261249.627,249249.2995,0.8,stone cluster near 4043,,POINT(249249.299544 6261249.626728)
1.00004E+18,4045,Other,2018-04-24 14:24:19+10:00,-33.75909367,150.2926695,6261261.078,249244.3631,0.9,tree stump,,POINT(249244.363065 6261261.077798)
1.00008E+18,5066,Other,2018-04-24 14:26:36+10:00,-33.75962367,150.2929718,6261203.025,249273.9182,1,rectangular ditch,Other,POINT(249273.918166 6261203.025483)
1.00004E+18,4046,Masonry,2018-04-24 14:29:31+10:00,-33.75926983,150.2927845,6261241.817,249255.531,0.7,stone cluster,Stone,POINT(249255.530996 6261241.817118)
1.00008E+18,5067,Other,2018-04-24 14:30:51+10:00,-33.7593825,150.2931313,6261230.164,249287.9925,0.9,rectangular ditch ,Other,POINT(249287.992527 6261230.164279)
1.00004E+18,4047,Masonry,2018-04-24 14:34:04+10:00,-33.759261,150.2928378,6261242.927,249260.4464,0.7,stone cluster with a wall or platform,,POINT(249260.446442 6261242.926761)
1.00004E+18,4048,Other,2018-04-24 14:34:13+10:00,-33.7592765,150.2927975,6261241.109,249256.7548,0.7,seasonal depression ,,POINT(249256.754842 6261241.109291)
1.00009E+18,4049,Masonry,2018-04-24 14:40:19+10:00,-33.75924383,150.2928605,6261244.886,249262.4964,0.7,rectilinear depression surrounded by stone clusters ,Stone - Organic,POINT(249262.496416 6261244.886091)
1.00009E+18,4050,Other,2018-04-24 14:47:28+10:00,-33.75901367,150.2926508,6261269.906,249242.4005,0.8,tree stump ,Organic,POINT(249242.400463 6261269.906062)
1.00009E+18,4051,Other,2018-04-24 15:13:12+10:00,-33.75921983,150.2928602,6261247.547,249262.3956,0.7,stone circle with slight depression,,POINT(249262.395584 6261247.547392)
1.0001E+18,4052,Artefact scatter,2018-04-24 15:13:20+10:00,-33.75606033,150.290327,6261591.834,249018.4874,0.7,"3 pieces of glass, a piece of urban wear and pottery. ",Ceramic - Glass - Organic,POINT(249018.487354 6261591.83404)
1.0001E+18,4053,Masonry,2018-04-24 15:20:36+10:00,-33.75605067,150.2902422,6261592.7,249010.5993,0.8,Stone fire circle,Stone,POINT(249010.599271 6261592.699575)
1.00005E+18,6040,Isolated find,2018-04-24 15:22:08+10:00,-33.75885317,150.2920922,6261286.349,249190.1734,0.9,sheet of metal features is thin metal panel folded in half with ,Metal,POINT(249190.173396 6261286.348687)
1.0001E+18,4054,Masonry,2018-04-24 15:29:30+10:00,-33.755964,150.2902035,6261602.219,249006.7639,0.7,Stonework ,Stone,POINT(249006.763947 6261602.218547)
1.0001E+18,4055,Platform,2018-04-24 15:34:29+10:00,-33.756035,150.2902788,6261594.527,249013.9508,0.8,Platform of cottage,Stone - Organic,POINT(249013.95077 6261594.526687)
1.0001E+18,4056,Isolated find,2018-04-24 15:38:33+10:00,-33.75610083,150.2902945,6261587.263,249015.5943,0.8,Piece of olive green glass,Glass,POINT(249015.594343 6261587.262534)
1.0001E+18,1000,Isolated find,2018-04-25 08:40:54+10:00,-33.75606317,150.2902417,6261591.312,249010.5894,1.2,Piece of dark green body fragment.,Glass,POINT(249010.58941 6261591.311839)
1.0001E+18,1001,Isolated find,2018-04-25 08:46:40+10:00,-33.7562035,150.2903547,6261576.021,249021.4683,1.2,Wine bottle with cork encased intact.,Glass,POINT(249021.468317 6261576.021202)
1.0001E+18,1002,Masonry,2018-04-25 08:53:40+10:00,-33.756245,150.2903797,6261571.479,249023.9056,1.4,Line of stones,Stone,POINT(249023.905641 6261571.478877)
1.0001E+18,5068,Other,2018-04-25 09:44:22+10:00,-33.7562105,150.2903273,6261575.178,249018.9563,0.9,Stone Wall,Stone,POINT(249018.956283 6261575.178153)
1.0001E+18,5069,Masonry,2018-04-25 09:51:45+10:00,-33.75623633,150.2903738,6261572.426,249023.3399,0.8,Incomplete stone circle ,Stone,POINT(249023.339898 6261572.425983)
1.00008E+18,6044,Boulder,2018-04-25 09:55:30+10:00,-33.758717,150.292122,6261301.525,249192.5404,0.7,,Stone,POINT(249192.540419 6261301.525128)
1.0001E+18,5070,Masonry,2018-04-25 09:56:38+10:00,-33.75626383,150.2903973,6261569.433,249025.5974,0.8,Stone circle cluster,Stone,POINT(249025.597407 6261569.432902)
1.00008E+18,6045,Boulder,2018-04-25 10:00:17+10:00,-33.75873333,150.292181,6261299.857,249198.0543,0.8,,Stone,POINT(249198.054265 6261299.857078)
1.0001E+18,5071,Other,2018-04-25 10:04:18+10:00,-33.75642183,150.2905832,6261552.36,249043.2758,1,Brick,{Brick},POINT(249043.275843 6261552.36009)
1.00008E+18,6046,Boulder,2018-04-25 10:07:04+10:00,-33.7587655,150.2922565,6261296.473,249205.143,0.8,,Stone,POINT(249205.142957 6261296.472947)
1.00008E+18,6047,Boulder,2018-04-25 10:13:02+10:00,-33.7589645,150.2924422,6261274.852,249222.9247,0.9,,Stone,POINT(249222.924668 6261274.851661)
1.00008E+18,6048,Boulder,2018-04-25 10:17:57+10:00,-33.75902,150.2923858,6261268.558,249217.8673,0.8,,Stone,POINT(249217.8673 6261268.558365)
1.00008E+18,6049,Boulder,2018-04-25 10:21:46+10:00,-33.75900117,150.2924735,6261270.861,249225.9345,0.8,,Stone,POINT(249225.934511 6261270.860833)
1.0001E+18,5072,Other,2018-04-25 10:24:42+10:00,-33.756409,150.2903613,6261553.243,249022.6854,1,Pit,Organic,POINT(249022.68544 6261553.243095)
1.00008E+18,6050,Boulder,2018-04-25 10:25:50+10:00,-33.7589735,150.292495,6261273.982,249227.8458,0.8,,Stone,POINT(249227.845789 6261273.982005)
1.00008E+18,6051,Boulder,2018-04-25 10:30:38+10:00,-33.758986,150.2925327,6261272.687,249231.372,0.8,,Stone,POINT(249231.371955 6261272.687194)
1.0001E+18,5073,Masonry,2018-04-25 10:31:37+10:00,-33.7564375,150.290503,6261550.427,249035.8941,1,Remnants of stone building ,Stone,POINT(249035.89406 6261550.427004)
1.00008E+18,6052,Boulder,2018-04-25 10:36:44+10:00,-33.759179,150.2927805,6261251.883,249254.8957,0.8,,Stone,POINT(249254.895659 6261251.882738)
1.00008E+18,6053,Boulder,2018-04-25 10:41:41+10:00,-33.75919383,150.2927107,6261250.067,249248.469,0.8,,Stone,POINT(249248.469014 6261250.067396)
1.0001E+18,5074,Masonry,2018-04-25 10:43:43+10:00,-33.75656367,150.2903682,6261536.104,249023.7697,1,Remnants of a stone building ,Stone,POINT(249023.769721 6261536.103899)
1.00008E+18,6054,Boulder,2018-04-25 10:45:45+10:00,-33.75925433,150.2927747,6261243.512,249254.5748,0.7,,Stone,POINT(249254.574786 6261243.512461)
1.00008E+18,6055,Boulder,2018-04-25 10:50:07+10:00,-33.75945783,150.2930572,6261221.628,249281.3407,0.8,large boulder at East end towards walking trail ,Stone,POINT(249281.34074 6261221.627667)
1.0001E+18,5075,Masonry,2018-04-25 10:50:57+10:00,-33.756642,150.2904545,6261527.625,249031.997,1,Stone Circle,Stone,POINT(249031.997029 6261527.625407)
1.00008E+18,6056,Boulder,2018-04-25 10:54:05+10:00,-33.7595635,150.2930835,6261209.971,249284.0884,0.8,,Stone,POINT(249284.088397 6261209.971077)
1.00008E+18,6057,Boulder,2018-04-25 10:57:29+10:00,-33.759704,150.293001,6261194.186,249276.8545,0.7,,Stone,POINT(249276.854496 6261194.1858)
1.0001E+18,5076,Other,2018-04-25 10:57:44+10:00,-33.75668317,150.2905532,6261523.3,249041.2586,1,Depression in ground,Organic,POINT(249041.258598 6261523.299537)
1.00008E+18,6058,Boulder,2018-04-25 11:01:00+10:00,-33.75968433,150.2932417,6261196.953,249299.0942,0.7,,Stone,POINT(249299.094198 6261196.953079)
1.0001E+18,5077,Hole drilled in the rock,2018-04-25 11:01:07+10:00,-33.7566575,150.2908963,6261526.983,249072.9782,1,,Stone,POINT(249072.978204 6261526.982553)
1.00009E+18,4057,Masonry,2018-04-25 11:10:17+10:00,-33.75627517,150.2910357,6261569.731,249084.7725,0.9,stone cluster ,Stone - Organic - Other,POINT(249084.772463 6261569.730917)
1.00008E+18,6059,Boulder,2018-04-25 11:11:40+10:00,-33.759613,150.2928582,6261203.932,249263.3562,0.7,,Stone,POINT(249263.356205 6261203.931938)
1.0001E+18,5078,Masonry,2018-04-25 11:04:24+10:00,-33.75673167,150.290944,6261518.872,249077.6108,1,Pile of stones,Stone,POINT(249072.900441 6261522.300089)
1.00009E+18,4058,Masonry,2018-04-25 11:15:07+10:00,-33.75630217,150.290966,6261566.566,249078.3965,0.9,stone clusters delineating walls ,Stone,POINT(249078.396544 6261566.566333)
1.00008E+18,6060,Boulder,2018-04-25 11:32:05+10:00,-33.75963633,150.2928413,6261201.303,249261.8647,0.8,,Stone,POINT(249261.864655 6261201.302793)
1.00008E+18,6061,Boulder,2018-04-25 11:35:52+10:00,-33.75957433,150.2926313,6261207.669,249242.2281,0.8,,Stone,POINT(249242.228073 6261207.668669)
1.00008E+18,6062,Boulder,2018-04-25 11:38:55+10:00,-33.75953433,150.2925897,6261212.004,249238.2512,0.7,,Stone,POINT(249238.251185 6261212.004081)
1.00008E+18,6063,Boulder,2018-04-25 11:42:06+10:00,-33.759517,150.2925133,6261213.741,249231.1286,0.7,,Stone,POINT(249231.128599 6261213.740871)
1.00008E+18,6064,Boulder,2018-04-25 12:07:41+10:00,-33.75948383,150.2923677,6261217.065,249217.5363,1,,Stone,POINT(249217.53632 6261217.065097)
1.00008E+18,6065,Boulder,2018-04-25 12:10:48+10:00,-33.75927167,150.2924105,6261240.703,249220.8862,1,,Stone,POINT(249220.886227 6261240.703209)
1.00008E+18,6066,Boulder,2018-04-25 12:14:01+10:00,-33.75915733,150.2925412,6261253.703,249232.6589,0.9,,Stone,POINT(249232.658878 6261253.70336)
1.00008E+18,6067,Boulder,2018-04-25 12:16:50+10:00,-33.75918867,150.2924818,6261250.083,249227.2531,0.9,,Stone,POINT(249227.25313 6261250.083364)
1.00008E+18,6068,Boulder,2018-04-25 12:47:15+10:00,-33.7592165,150.2924088,6261246.818,249220.571,0.8,,Stone,POINT(249220.571001 6261246.818314)
1.00008E+18,6069,Boulder,2018-04-25 12:52:39+10:00,-33.75915333,150.2923908,6261253.781,249218.7192,0.8,,Stone,POINT(249218.719213 6261253.781021)
1.00008E+18,6070,Boulder,2018-04-25 12:56:23+10:00,-33.759224,150.292246,6261245.59,249205.5068,0.8,,Stone,POINT(249205.506777 6261245.589925)
1.00008E+18,6071,Boulder,2018-04-25 12:59:11+10:00,-33.7591405,150.2922242,6261254.799,249203.2406,0.8,,Stone,POINT(249203.240551 6261254.798697)
1.00008E+18,6072,Boulder,2018-04-25 13:03:01+10:00,-33.7590375,150.2922608,6261266.313,249206.3374,0.8,,Stone,POINT(249206.337361 6261266.312882)
1.00008E+18,6073,Boulder,2018-04-25 13:05:22+10:00,-33.75896617,150.2922208,6261274.128,249202.4235,0.8,,Stone,POINT(249202.423503 6261274.127876)
1.00008E+18,6074,Boulder,2018-04-25 13:12:34+10:00,-33.75904517,150.2921592,6261265.215,249196.9405,0.7,,Stone,POINT(249196.940537 6261265.214928)
1.0001E+18,5080,Masonry,2018-04-25 13:15:22+10:00,-33.75651167,150.2905613,6261542.342,249041.515,0.7,Clustered Stones and walls,Stone,POINT(249041.515003 6261542.342456)
1.00008E+18,6075,Boulder,2018-04-25 13:17:43+10:00,-33.75907133,150.2920828,6261262.127,249189.9447,0.7,,Stone,POINT(249189.944722 6261262.126609)
1.00008E+18,6076,Boulder,2018-04-25 13:22:26+10:00,-33.75892933,150.2919423,6261277.535,249176.5137,0.7,,Stone,POINT(249176.513729 6261277.535308)
1.00008E+18,6077,Boulder,2018-04-25 13:25:39+10:00,-33.75903383,150.2917003,6261265.355,249154.3977,0.7,,Stone,POINT(249154.397674 6261265.354673)
1.0001E+18,5081,Masonry,2018-04-25 13:28:16+10:00,-33.75670417,150.2908295,6261521.643,249066.9222,0.7,Stone Wall,Stone,POINT(249066.922186 6261521.643408)
1.00008E+18,6078,Boulder,2018-04-25 13:29:05+10:00,-33.75895767,150.2916378,6261273.651,249148.3851,0.7,,Stone,POINT(249148.385105 6261273.650971)
1.00008E+18,6079,Boulder,2018-04-25 13:32:13+10:00,-33.75873,150.2916927,6261299.038,249152.8015,0.7,,,POINT(249152.801459 6261299.037621)
1.0001E+18,5082,Other,2018-04-25 13:35:18+10:00,-33.7566035,150.290736,6261532.582,249057.9658,0.9,Post hole ,Organic,POINT(249057.965784 6261532.581713)
1.00008E+18,6080,Boulder,2018-04-25 13:35:52+10:00,-33.758722,150.2917032,6261299.951,249153.7509,0.7,,Stone,POINT(249153.750937 6261299.950565)
1.00004E+18,4060,Metal Feature,2018-04-25 13:36:20+10:00,-33.76110567,150.2955858,6261045,249520.4124,0.7,metal bucket,Metal,POINT(249520.412389 6261045.000342)
1.00004E+18,4061,Other,2018-04-25 13:38:42+10:00,-33.76109967,150.2963235,6261047.46,249588.7363,0.8,rectilinear pit ,Organic,POINT(249588.736258 6261047.459634)
1.00008E+18,6081,Boulder,2018-04-25 13:39:34+10:00,-33.7586935,150.2916822,6261303.061,249151.7222,0.7,,Stone,POINT(249151.722229 6261303.06068)
1.0001E+18,5083,Other,2018-04-25 13:46:09+10:00,-33.75662583,150.290572,6261529.705,249042.8363,0.9,Deep depression,Organic,POINT(249042.836278 6261529.704916)
1.0001E+18,5084,Masonry,2018-04-25 13:51:34+10:00,-33.75668533,150.2905165,6261522.97,249037.8677,0.8,House,,POINT(249037.867743 6261522.969872)
1.0001E+18,5085,Other,2018-04-25 14:00:30+10:00,-33.756576,150.29051,6261535.081,249036.9466,0.7,Rectalinear earth platform,Stone - Organic,POINT(249036.946603 6261535.081443)
1.00008E+18,6082,Masonry,2018-04-25 14:01:07+10:00,-33.76111983,150.2964012,6261045.412,249595.9904,0.7,,Stone,POINT(249595.990411 6261045.411553)
1.00004E+18,4062,Other,2018-04-25 14:08:47+10:00,-33.76109217,150.2964672,6261048.641,249602.0245,0.7,rectilinear pit,Organic,POINT(249602.024465 6261048.640837)
1.0001E+18,5086,Masonry,2018-04-25 14:09:59+10:00,-33.756467,150.2905387,6261547.242,249039.2846,0.8,Pile of rocks around fern,Stone,POINT(249039.284641 6261547.241721)
1.00002E+18,4063,Isolated find,2018-04-25 14:18:27+10:00,-33.76117517,150.2963333,6261039.109,249589.867,0.7,Metal pot,Metal,POINT(249589.867048 6261039.108986)
1.0001E+18,5087,Artefact scatter,2018-04-25 14:21:55+10:00,-33.756513,150.2905775,6261542.234,249043.0167,1.1,A piece of ceramics and the base and side of a glass bottle,Ceramic - Glass,POINT(249043.01674 6261542.233949)
1.0001E+18,5088,Other,2018-04-25 14:31:42+10:00,-33.75636067,150.2904553,6261558.833,249031.2536,0.9,Depression in ground,Organic,POINT(249031.253602 6261558.833329)
1.0001E+18,5089,Hole drilled in the rock,2018-04-25 14:39:35+10:00,-33.75640983,150.2906015,6261553.736,249044.9394,0.9,Manmade drilled hole,Stone,POINT(249044.939434 6261553.735813)
1.0001E+18,5090,Masonry,2018-04-25 14:46:58+10:00,-33.756487,150.2906353,6261545.259,249048.2992,0.7,Rectulinear stone feature ,Stone,POINT(249048.299186 6261545.258806)
1.00008E+18,6083,Other,2018-04-25 14:51:01+10:00,-33.76155417,150.296387,6260997.2,249595.9422,0.7,"beep, artificial, circular pit",Other,POINT(249595.942245 6260997.200304)
1.0001E+18,5091,Platform,2018-04-25 14:51:59+10:00,-33.75648867,150.2906252,6261545.049,249047.3621,0.6,Plateau lined with stone wall ,Stone - Organic,POINT(249047.362101 6261545.049168)
1.0001E+18,5092,Other,2018-04-25 14:56:07+10:00,-33.756875,150.2909127,6261502.897,249075.1258,0.9,Depression ,Organic,POINT(249075.125825 6261502.896937)
1.00008E+18,6084,Isolated find,2018-04-25 15:00:21+10:00,-33.761616,150.2963417,6260990.231,249591.9223,0.7,intact bottle with rim and curve ,Glass,POINT(249591.922344 6260990.231452)
1.00008E+18,6085,Metal Feature,2018-04-25 15:05:02+10:00,-33.76184783,150.2962027,6260964.178,249579.7196,0.7,possible rock feature with corregated iron beside it,Metal - Stone,POINT(249579.719629 6260964.178235)
1.0001E+18,5093,Other,2018-04-25 15:06:54+10:00,-33.75686867,150.2908052,6261503.338,249065.1475,0.7,Depression,Organic,POINT(249065.147478 6261503.337557)
1.00008E+18,6086,Other,2018-04-25 15:09:54+10:00,-33.76185417,150.2961425,6260963.329,249574.164,0.7,,Other,POINT(249574.163957 6260963.329438)
1.0001E+18,5094,Masonry,2018-04-25 15:10:30+10:00,-33.75687,150.2907992,6261503.175,249064.5955,0.7,Rectalinear stone feature ,Stone,POINT(249064.595467 6261503.175045)
1.0001E+18,5095,Masonry,2018-04-25 15:17:33+10:00,-33.7569095,150.2909592,6261499.183,249079.5347,1,Rectulinear stone feature,Stone - Organic,POINT(248996.737381 6261592.150011)
1.0001E+18,5096,Other,2018-04-25 15:20:45+10:00,-33.75690983,150.2910057,6261499.26,249083.8439,0.7,Depression,Organic,POINT(249083.843861 6261499.259726)
1.00004E+18,4064,Other,2018-04-25 15:23:13+10:00,-33.7615005,150.2962683,6261002.865,249584.7922,0.9,hole in ground - possibly rectilinear but collapsed in corner ,Organic,POINT(249584.79217 6261002.864559)
1.00008E+18,6087,Other,2018-04-25 15:23:29+10:00,-33.761558,150.2962827,6260996.521,249586.2875,0.7,"suspicious, probable pit",Ceramic - Other,POINT(249586.287465 6260996.521435)
1.0001E+18,5097,Masonry,2018-04-25 15:31:43+10:00,-33.75613083,150.2902582,6261583.846,249012.3155,0.7,Stone wall,Stone,POINT(249012.315543 6261583.846361)
1.00005E+18,6089,Hole drilled in the rock,2018-04-26 11:06:20+10:00,-33.75876667,150.2921442,6261296.07,249194.7389,0.7,square hole with parallel vertical grooves in the rock,Stone,POINT(249194.738909 6261296.070009)
1.00005E+18,6090,Isolated find,2018-04-26 12:28:29+10:00,-33.75883817,150.2923745,6261288.7,249216.2872,1,dark glass bottle neck,Glass,POINT(249209.133234 6261276.931171)
1.00005E+18,6091,Masonry,2018-04-26 12:50:11+10:00,-33.7589845,150.2916272,6261270.649,249147.4751,0.8,rectangular depression surrounded but stones ,,POINT(249147.475105 6261270.648601)
1.00005E+18,6092,Other,2018-04-26 12:58:09+10:00,-33.759075,150.2918458,6261261.143,249167.9979,0.8,rectangular depression ,,POINT(249167.997933 6261261.142755)
1.00005E+18,6093,Masonry,2018-04-26 13:03:02+10:00,-33.75910167,150.2919053,6261258.33,249173.5882,0.8,rectangular depression with stone surrounding the pit,,POINT(249173.588213 6261258.32975)
1.00008E+18,5098,Metal Feature,2018-04-26 13:22:40+10:00,-33.75898317,150.2920295,6261271.776,249184.7465,0.9,piece of sheet metal ,Metal,POINT(249184.746472 6261271.776306)
1.0001E+18,3000,Isolated find,2018-04-26 13:28:20+10:00,-33.75612467,150.2904302,6261584.949,249028.2335,0.7,Single piece of body fragment ,Glass,POINT(249028.233495 6261584.949464)
1.00008E+18,5099,Other,2018-04-26 13:35:16+10:00,-33.75905167,150.2919867,6261264.074,249180.9778,0.7,"rectangular, deep pit",Other,POINT(249180.977774 6261264.073884)
1.00009E+18,6094,Hole drilled in the rock,2018-04-26 15:12:31+10:00,-33.75895167,150.292221,6261275.737,249202.3967,1,small hole on rock,,POINT(249202.396674 6261275.736642)
1.00004E+18,6095,Hole drilled in the rock,2018-04-26 15:24:17+10:00,-33.75887183,150.292232,6261284.619,249203.1831,0.8,large hole on rock,Organic,POINT(249203.183067 6261284.61865)
1.00004E+18,6096,Hole drilled in the rock,2018-04-26 15:24:57+10:00,-33.75888117,150.2922402,6261283.603,249203.9669,0.8,small hole in rock,,POINT(249203.966899 6261283.603269)
1.00004E+18,6097,Hole drilled in the rock,2018-04-26 15:26:03+10:00,-33.75891817,150.292285,6261279.608,249208.2285,0.8,small hole parallel to 6096,,POINT(249208.228469 6261279.608344)
1.00004E+18,6098,Hole drilled in the rock,2018-04-26 15:32:53+10:00,-33.75884167,150.2922553,6261288.022,249205.2569,0.9,,Organic,POINT(249205.256907 6261288.021594)
1.00009E+18,4066,,2018-05-09 17:04:01+10:00,,,,,,,,
